Afghanistan,af
Albania,al
Algeria,dz
American Samoa,as
Andorra,ad
Angola,ao
Anguilla,ai
Antigua and Barbuda,ag
Argentina,ar
Armenia,am
Aruba,aw
Australia,au
Austria,at
Azerbaijan,az
Bahrain,bh
Bangladesh,bd
Barbados,bb
Belarus,by
Belgium,be
Belize,bz
Benin,bj
Bermuda,bm
Bhutan,bt
Bolivia,bo
Bosnia and Herzegovina,ba
Botswana,bw
Brazil,br
British Virgin Islands,vg
Brunei,bn
Bulgaria,bg
Burkina Faso,bf
Burundi,bi
Cabo Verde,cv
Cambodia,kh
Cameroon,cm
Canada,ca
Cayman Islands,ky
Central African Republic,cf
Chad,td
Chile,cl
China,cn
Colombia,co
Comoros,km
Congo,cg
Congo Democratic Republic,cd
Cook Islands,ck
Costa Rica,cr
Cote d'Ivoire,ci
Croatia,hr
Cuba,cu
Cura√ßao,cw
Cyprus,cy
Czech Republic,cz
Denmark,dk
Djibouti,dj
Dominica,dm
Dominican Republic,do
East Timor,tl
Ecuador,ec
Egypt,eg
El Salvador,sv
Equatorial Guinea,gq
Eritrea,er
Estonia,ee
Ethiopia,et
Falkland Islands,fk
Faroe Islands,fo
Fiji,fj
Finland,fi
France,fr
French Polynesia,pf
Gabon,ga
Gambia,gm
Georgia,ge
Germany,de
Ghana,gh
Gibraltar,gi
Greece,gr
Greenland,gl
Grenada,gd
Guam,gu
Guatemala,gt
Guernsey,gg
Guinea,gn
Guinea-Bissau,gw
Guyana,gy
Haiti,ht
Holy See (Vatican City),va
Honduras,hn
Hong Kong,hk
Hungary,hu
Iceland,is
India,in
Indonesia,id
Iran,ir
Iraq,iq
Ireland,ie
Isle of Man,im
Israel,il
Italy,it
Jamaica,jm
Japan,jp
Jersey,je
Jordan,jo
Kazakhstan,kz
Kenya,ke
Kiribati,ki
Kosovo,xk
Kuwait,kw
Kyrgyzstan,kg
Laos,la
Latvia,lv
Lebanon,lb
Lesotho,ls
Liberia,lr
Libya,ly
Liechtenstein,li
Lithuania,lt
Luxembourg,lu
Macau,mo
Madagascar,mg
Malawi,mw
Malaysia,my
Maldives,mv
Mali,ml
Malta,mt
Marshall Islands,mh
Martinique,mq
Mauritania,mr
Mauritius,mu
Mayotte,yt
Mexico,mx
Micronesia,fm
Moldova,md
Monaco,mc
Mongolia,mn
Montenegro,me
Montserrat,ms
Morocco,ma
Mozambique,mz
Myanmar,mm
Namibia,na
Nauru,nr
Nepal,np
Netherlands,nl
New Caledonia,nc
New Zealand,nz
Nicaragua,ni
Niger,ne
Nigeria,ng
North Korea,kp
North Macedonia,mk
Northern Mariana Islands,mp
Norway,no
Oman,om
Pakistan,pk
Palau,pw
Panama,pa
Papua New Guinea,pg
Paraguay,py
Peru,pe
Philippines,ph
Poland,pl
Portugal,pt
Puerto Rico,pr
Qatar,qa
Reunion,re
Romania,ro
Russia,ru
Rwanda,rw
Saint Helena,sh
Saint Kitts and Nevis,kn
Saint Lucia,lc
Saint Martin,mf
Saint Pierre and Miquelon,pm
Saint Vincent and the Grenadines,vc
Samoa,ws
San Marino,sm
Sao Tome and Principe,st
Saudi Arabia,sa
Senegal,sn
Serbia,rs
Seychelles,sc
Sierra Leone,sl
Singapore,sg
Sint Maarten,sx
Slovakia,sk
Slovenia,si
Solomon Islands,sb
Somalia,so
South Africa,za
South Korea,kr
South Sudan,ss
Spain,es
Sri Lanka,lk
St. Barts,bl
Sudan,sd
Suriname,sr
Sweden,se
Switzerland,ch
Syria,sy
Taiwan,tw
Tajikistan,tj
Tanzania,tz
Thailand,th
The Bahamas,bs
Togo,tg
Tonga,to
Trinidad and Tobago,tt
Tunisia,tn
Turkey,tr
Turkmenistan,tm
Turks and Caicos Islands,tc
Tuvalu,tv
US Virgin Islands,vi
Uganda,ug
Ukraine,ua
United Arab Emirates,ae
United Kingdom,gb
United States,us
Uruguay,uy
Uzbekistan,uz
Vanuatu,vu
Venezuela,ve
Vietnam,vn
Wallis and Futuna,wf
Yemen,ye
Zambia,zm
Zimbabwe,zw